{
  "name": "functions",
  "description": "Cloud Functions for Firebase",
  "scripts": {
    "lint": "eslint .",
    "serve": "firebase serve --only functions",
    "shell": "firebase functions:shell",
    "start": "npm run shell",
    "deploy": "firebase deploy --only functions",
    "logs": "firebase functions:log"
  },
  "dependencies": {
    "firebase-admin": "~6.0.0",
    "firebase-functions": "^2.1.0"
  },
  "devDependencies": {
    "eslint": "^4.12.0",
    "eslint-plugin-promise": "^3.6.0"
  },
  "private": true
}
